Date	Category	Amount	Description
05-01-2024	Food	1500	Grocery shopping
07-01-2024	Transport	320	Metro card recharge
12-01-2024	Entertainment	850	Movie night
15-01-2024	Food	240.5	Lunch with team
18-01-2024	Bills	2200	Electricity bill
22-01-2024	Shopping	3499	Running shoes
28-01-2024	Health	600	Pharmacy
02-02-2024	Food	1780	Monthly groceries
06-02-2024	Transport	1200	Cab fares
11-02-2024	Entertainment	499	Music subscription
14-02-2024	Shopping	2150	Gift
20-02-2024	Bills	1100	Internet bill
25-02-2024	Other	300	Stationery
03-03-2024	Food	1620	Groceries
09-03-2024	Health	1500	Doctor consultation
16-03-2024	Transport	450	Fuel
21-03-2024	Bills	2300	Electricity bill
27-03-2024	Entertainment	1200	Concert ticket
20-09-2026	Entertainment	25000	Movies
